timeStamp,elapsed,label,responseCode,responseMessage,threadName,dataType,success,failureMessage,bytes,sentBytes,grpThreads,allThreads,URL,Latency,IdleTime,Connect
1733045789925,825,GET joke,200,,api.chucknorris 1-1,text,true,,1395,132,1,1,https://api.chucknorris.io/jokes/random,817,0,636
1733045790760,247,GET joke,200,,api.chucknorris 1-1,text,true,,1497,132,1,1,https://api.chucknorris.io/jokes/random,246,0,138
1733045791010,367,GET joke,200,,api.chucknorris 1-1,text,true,,1451,132,1,1,https://api.chucknorris.io/jokes/random,366,0,128
1733045791380,249,GET joke,200,,api.chucknorris 1-1,text,true,,1423,132,1,1,https://api.chucknorris.io/jokes/random,248,0,125
1733045791630,234,GET joke,200,,api.chucknorris 1-1,text,true,,1468,132,1,1,https://api.chucknorris.io/jokes/random,234,0,129
1733045791867,231,GET joke,200,,api.chucknorris 1-1,text,true,,1412,132,1,1,https://api.chucknorris.io/jokes/random,230,0,124
1733045792100,217,GET joke,200,,api.chucknorris 1-1,text,true,,1397,132,1,1,https://api.chucknorris.io/jokes/random,217,0,119
1733045792322,227,GET joke,200,,api.chucknorris 1-1,text,true,,1394,132,1,1,https://api.chucknorris.io/jokes/random,226,0,110
1733045792551,224,GET joke,200,,api.chucknorris 1-1,text,true,,1520,132,1,1,https://api.chucknorris.io/jokes/random,223,0,117
1733045792776,224,GET joke,200,,api.chucknorris 1-1,text,true,,1419,132,1,1,https://api.chucknorris.io/jokes/random,224,0,120
1733045793002,334,GET joke,200,,api.chucknorris 1-1,text,true,,1385,132,1,1,https://api.chucknorris.io/jokes/random,334,0,120
1733045793338,220,GET joke,200,,api.chucknorris 1-1,text,true,,1416,132,1,1,https://api.chucknorris.io/jokes/random,220,0,118
1733045793560,220,GET joke,200,,api.chucknorris 1-1,text,true,,1430,132,1,1,https://api.chucknorris.io/jokes/random,219,0,117
1733045793782,234,GET joke,200,,api.chucknorris 1-1,text,true,,1391,132,1,1,https://api.chucknorris.io/jokes/random,234,0,117
1733045794018,224,GET joke,200,,api.chucknorris 1-1,text,true,,1452,132,1,1,https://api.chucknorris.io/jokes/random,224,0,117
1733045794244,236,GET joke,200,,api.chucknorris 1-1,text,true,,1457,132,1,1,https://api.chucknorris.io/jokes/random,236,0,128
1733045794484,221,GET joke,200,,api.chucknorris 1-1,text,true,,1436,132,1,1,https://api.chucknorris.io/jokes/random,220,0,116
1733045794707,220,GET joke,200,,api.chucknorris 1-1,text,true,,1414,132,1,1,https://api.chucknorris.io/jokes/random,219,0,119
1733045794929,216,GET joke,200,,api.chucknorris 1-1,text,true,,1659,132,1,1,https://api.chucknorris.io/jokes/random,215,0,116
1733045795147,220,GET joke,200,,api.chucknorris 1-1,text,true,,1834,132,1,1,https://api.chucknorris.io/jokes/random,219,0,112
1733045795368,213,GET joke,200,,api.chucknorris 1-1,text,true,,1416,132,1,1,https://api.chucknorris.io/jokes/random,213,0,112
1733045795584,216,GET joke,200,,api.chucknorris 1-1,text,true,,1543,132,1,1,https://api.chucknorris.io/jokes/random,215,0,116
1733045795801,217,GET joke,200,,api.chucknorris 1-1,text,true,,1482,132,1,1,https://api.chucknorris.io/jokes/random,216,0,114
1733045796021,219,GET joke,200,,api.chucknorris 1-1,text,true,,1409,132,1,1,https://api.chucknorris.io/jokes/random,218,0,111
1733045796242,227,GET joke,200,,api.chucknorris 1-1,text,true,,1437,132,1,1,https://api.chucknorris.io/jokes/random,226,0,117
1733045796471,220,GET joke,200,,api.chucknorris 1-1,text,true,,1384,132,1,1,https://api.chucknorris.io/jokes/random,219,0,111
1733045796693,214,GET joke,200,,api.chucknorris 1-1,text,true,,1557,132,1,1,https://api.chucknorris.io/jokes/random,213,0,115
1733045796909,223,GET joke,200,,api.chucknorris 1-1,text,true,,1400,132,1,1,https://api.chucknorris.io/jokes/random,223,0,119
1733045797134,211,GET joke,200,,api.chucknorris 1-1,text,true,,1429,132,1,1,https://api.chucknorris.io/jokes/random,211,0,112
1733045797347,212,GET joke,200,,api.chucknorris 1-1,text,true,,1496,132,1,1,https://api.chucknorris.io/jokes/random,211,0,107
1733045797561,335,GET joke,200,,api.chucknorris 1-1,text,true,,1383,132,1,1,https://api.chucknorris.io/jokes/random,334,0,115
1733045797899,224,GET joke,200,,api.chucknorris 1-1,text,true,,1415,132,1,1,https://api.chucknorris.io/jokes/random,224,0,114
1733045798127,335,GET joke,200,,api.chucknorris 1-1,text,true,,1444,132,1,1,https://api.chucknorris.io/jokes/random,335,0,114
1733045798463,221,GET joke,200,,api.chucknorris 1-1,text,true,,1448,132,1,1,https://api.chucknorris.io/jokes/random,220,0,111
1733045798688,217,GET joke,200,,api.chucknorris 1-1,text,true,,1492,132,1,1,https://api.chucknorris.io/jokes/random,217,0,115
1733045798907,210,GET joke,200,,api.chucknorris 1-1,text,true,,1442,132,1,1,https://api.chucknorris.io/jokes/random,210,0,110
1733045799120,219,GET joke,200,,api.chucknorris 1-1,text,true,,1433,132,1,1,https://api.chucknorris.io/jokes/random,218,0,112
1733045799342,225,GET joke,200,,api.chucknorris 1-1,text,true,,1393,132,1,1,https://api.chucknorris.io/jokes/random,224,0,114
1733045799568,213,GET joke,200,,api.chucknorris 1-1,text,true,,1457,132,2,2,https://api.chucknorris.io/jokes/random,213,0,113
1733045799766,218,GET joke,200,,api.chucknorris 1-2,text,true,,1412,132,2,2,https://api.chucknorris.io/jokes/random,217,0,116
1733045799782,216,GET joke,200,,api.chucknorris 1-1,text,true,,1460,132,2,2,https://api.chucknorris.io/jokes/random,216,0,113
1733045799999,205,GET joke,200,,api.chucknorris 1-1,text,true,,1411,132,2,2,https://api.chucknorris.io/jokes/random,205,0,109
1733045799986,227,GET joke,200,,api.chucknorris 1-2,text,true,,1419,132,2,2,https://api.chucknorris.io/jokes/random,226,0,125
1733045800207,215,GET joke,200,,api.chucknorris 1-1,text,true,,1455,132,2,2,https://api.chucknorris.io/jokes/random,215,0,114
1733045800214,210,GET joke,200,,api.chucknorris 1-2,text,true,,1457,132,2,2,https://api.chucknorris.io/jokes/random,209,0,112
1733045800424,214,GET joke,200,,api.chucknorris 1-1,text,true,,1419,132,2,2,https://api.chucknorris.io/jokes/random,214,0,111
1733045800426,212,GET joke,200,,api.chucknorris 1-2,text,true,,1436,132,2,2,https://api.chucknorris.io/jokes/random,212,0,110
1733045800640,212,GET joke,200,,api.chucknorris 1-2,text,true,,1500,132,2,2,https://api.chucknorris.io/jokes/random,212,0,111
1733045800640,335,GET joke,200,,api.chucknorris 1-1,text,true,,1449,132,2,2,https://api.chucknorris.io/jokes/random,335,0,116
1733045800854,213,GET joke,200,,api.chucknorris 1-2,text,true,,1400,132,2,2,https://api.chucknorris.io/jokes/random,213,0,111
1733045800976,216,GET joke,200,,api.chucknorris 1-1,text,true,,1419,132,2,2,https://api.chucknorris.io/jokes/random,215,0,111
1733045801069,208,GET joke,200,,api.chucknorris 1-2,text,true,,1389,132,2,2,https://api.chucknorris.io/jokes/random,208,0,109
1733045801193,206,GET joke,200,,api.chucknorris 1-1,text,true,,1486,132,2,2,https://api.chucknorris.io/jokes/random,206,0,108
1733045801279,214,GET joke,200,,api.chucknorris 1-2,text,true,,1551,132,2,2,https://api.chucknorris.io/jokes/random,214,0,112
1733045801400,218,GET joke,200,,api.chucknorris 1-1,text,true,,1423,132,2,2,https://api.chucknorris.io/jokes/random,217,0,108
1733045801495,215,GET joke,200,,api.chucknorris 1-2,text,true,,1463,132,2,2,https://api.chucknorris.io/jokes/random,215,0,106
1733045801712,215,GET joke,200,,api.chucknorris 1-2,text,true,,1501,132,2,2,https://api.chucknorris.io/jokes/random,214,0,112
1733045801622,307,GET joke,200,,api.chucknorris 1-1,text,true,,1584,132,2,2,https://api.chucknorris.io/jokes/random,307,0,156
1733045801928,208,GET joke,200,,api.chucknorris 1-2,text,true,,1535,132,2,2,https://api.chucknorris.io/jokes/random,208,0,109
1733045801931,341,GET joke,200,,api.chucknorris 1-1,text,true,,1434,132,2,2,https://api.chucknorris.io/jokes/random,341,0,124
1733045802137,217,GET joke,200,,api.chucknorris 1-2,text,true,,1432,132,2,2,https://api.chucknorris.io/jokes/random,217,0,110
1733045802274,212,GET joke,200,,api.chucknorris 1-1,text,true,,1436,132,2,2,https://api.chucknorris.io/jokes/random,212,0,109
1733045802356,210,GET joke,200,,api.chucknorris 1-2,text,true,,1428,132,2,2,https://api.chucknorris.io/jokes/random,210,0,113
1733045802488,238,GET joke,200,,api.chucknorris 1-1,text,true,,1383,132,2,2,https://api.chucknorris.io/jokes/random,238,0,110
1733045802568,208,GET joke,200,,api.chucknorris 1-2,text,true,,1464,132,2,2,https://api.chucknorris.io/jokes/random,207,0,108
1733045802727,211,GET joke,200,,api.chucknorris 1-1,text,true,,1446,132,2,2,https://api.chucknorris.io/jokes/random,210,0,107
1733045802777,213,GET joke,200,,api.chucknorris 1-2,text,true,,1464,132,2,2,https://api.chucknorris.io/jokes/random,213,0,108
1733045802939,226,GET joke,200,,api.chucknorris 1-1,text,true,,1418,132,2,2,https://api.chucknorris.io/jokes/random,226,0,109
1733045802992,212,GET joke,200,,api.chucknorris 1-2,text,true,,1475,132,2,2,https://api.chucknorris.io/jokes/random,211,0,108
1733045803167,208,GET joke,200,,api.chucknorris 1-1,text,true,,1455,132,2,2,https://api.chucknorris.io/jokes/random,208,0,106
1733045803205,209,GET joke,200,,api.chucknorris 1-2,text,true,,1524,132,2,2,https://api.chucknorris.io/jokes/random,208,0,109
1733045803377,210,GET joke,200,,api.chucknorris 1-1,text,true,,1447,132,2,2,https://api.chucknorris.io/jokes/random,209,0,110
1733045803415,318,GET joke,200,,api.chucknorris 1-2,text,true,,1426,132,2,2,https://api.chucknorris.io/jokes/random,318,0,111
1733045803589,204,GET joke,200,,api.chucknorris 1-1,text,true,,1445,132,2,2,https://api.chucknorris.io/jokes/random,203,0,105
1733045803735,221,GET joke,200,,api.chucknorris 1-2,text,true,,1474,132,2,2,https://api.chucknorris.io/jokes/random,220,0,106
1733045803795,201,GET joke,200,,api.chucknorris 1-1,text,true,,1390,132,2,2,https://api.chucknorris.io/jokes/random,200,0,104
1733045803958,235,GET joke,200,,api.chucknorris 1-2,text,true,,1431,132,2,2,https://api.chucknorris.io/jokes/random,234,0,108
1733045803997,283,GET joke,200,,api.chucknorris 1-1,text,true,,1444,132,2,2,https://api.chucknorris.io/jokes/random,283,0,134
1733045804195,203,GET joke,200,,api.chucknorris 1-2,text,true,,1408,132,2,2,https://api.chucknorris.io/jokes/random,202,0,105
1733045804281,221,GET joke,200,,api.chucknorris 1-1,text,true,,1464,132,2,2,https://api.chucknorris.io/jokes/random,221,0,118
1733045804399,209,GET joke,200,,api.chucknorris 1-2,text,true,,1397,132,2,2,https://api.chucknorris.io/jokes/random,209,0,109
1733045804503,206,GET joke,200,,api.chucknorris 1-1,text,true,,1466,132,2,2,https://api.chucknorris.io/jokes/random,206,0,110
1733045804610,209,GET joke,200,,api.chucknorris 1-2,text,true,,1476,132,2,2,https://api.chucknorris.io/jokes/random,209,0,108
1733045804711,215,GET joke,200,,api.chucknorris 1-1,text,true,,1402,132,2,2,https://api.chucknorris.io/jokes/random,215,0,115
1733045804821,215,GET joke,200,,api.chucknorris 1-2,text,true,,1490,132,2,2,https://api.chucknorris.io/jokes/random,215,0,109
1733045804928,212,GET joke,200,,api.chucknorris 1-1,text,true,,1483,132,2,2,https://api.chucknorris.io/jokes/random,212,0,109
1733045805038,221,GET joke,200,,api.chucknorris 1-2,text,true,,1466,132,2,2,https://api.chucknorris.io/jokes/random,221,0,112
1733045805142,225,GET joke,200,,api.chucknorris 1-1,text,true,,1425,132,2,2,https://api.chucknorris.io/jokes/random,225,0,123
1733045805261,214,GET joke,200,,api.chucknorris 1-2,text,true,,1397,132,2,2,https://api.chucknorris.io/jokes/random,213,0,108
1733045805368,214,GET joke,200,,api.chucknorris 1-1,text,true,,1402,132,2,2,https://api.chucknorris.io/jokes/random,214,0,108
1733045805476,222,GET joke,200,,api.chucknorris 1-2,text,true,,1448,132,2,2,https://api.chucknorris.io/jokes/random,222,0,111
1733045805584,214,GET joke,200,,api.chucknorris 1-1,text,true,,1434,132,2,2,https://api.chucknorris.io/jokes/random,214,0,113
1733045805699,217,GET joke,200,,api.chucknorris 1-2,text,true,,1401,132,2,2,https://api.chucknorris.io/jokes/random,217,0,116
1733045805808,256,GET joke,200,,api.chucknorris 1-1,text,true,,1458,132,2,2,https://api.chucknorris.io/jokes/random,256,0,150
1733045805918,207,GET joke,200,,api.chucknorris 1-2,text,true,,1398,132,2,2,https://api.chucknorris.io/jokes/random,207,0,108
1733045806065,214,GET joke,200,,api.chucknorris 1-1,text,true,,1415,132,2,2,https://api.chucknorris.io/jokes/random,213,0,109
1733045806127,208,GET joke,200,,api.chucknorris 1-2,text,true,,1537,132,2,2,https://api.chucknorris.io/jokes/random,207,0,106
1733045806280,214,GET joke,200,,api.chucknorris 1-1,text,true,,1397,132,2,2,https://api.chucknorris.io/jokes/random,214,0,110
1733045806336,220,GET joke,200,,api.chucknorris 1-2,text,true,,1403,132,2,2,https://api.chucknorris.io/jokes/random,220,0,114
1733045806496,213,GET joke,200,,api.chucknorris 1-1,text,true,,1433,132,2,2,https://api.chucknorris.io/jokes/random,213,0,109
1733045806557,212,GET joke,200,,api.chucknorris 1-2,text,true,,1419,132,2,2,https://api.chucknorris.io/jokes/random,212,0,109
1733045806710,218,GET joke,200,,api.chucknorris 1-1,text,true,,1469,132,2,2,https://api.chucknorris.io/jokes/random,218,0,111
1733045806770,212,GET joke,200,,api.chucknorris 1-2,text,true,,1542,132,2,2,https://api.chucknorris.io/jokes/random,211,0,110
1733045806930,204,GET joke,200,,api.chucknorris 1-1,text,true,,1461,132,2,2,https://api.chucknorris.io/jokes/random,204,0,106
1733045806983,217,GET joke,200,,api.chucknorris 1-2,text,true,,1671,132,2,2,https://api.chucknorris.io/jokes/random,216,0,111
1733045807135,213,GET joke,200,,api.chucknorris 1-1,text,true,,1450,132,2,2,https://api.chucknorris.io/jokes/random,213,0,113
1733045807201,242,GET joke,200,,api.chucknorris 1-2,text,true,,1408,132,2,2,https://api.chucknorris.io/jokes/random,242,0,112
1733045807350,218,GET joke,200,,api.chucknorris 1-1,text,true,,1440,132,2,2,https://api.chucknorris.io/jokes/random,217,0,111
1733045807444,254,GET joke,200,,api.chucknorris 1-2,text,true,,1431,132,2,2,https://api.chucknorris.io/jokes/random,254,0,151
1733045807569,209,GET joke,200,,api.chucknorris 1-1,text,true,,1450,132,2,2,https://api.chucknorris.io/jokes/random,209,0,113
1733045807699,220,GET joke,200,,api.chucknorris 1-2,text,true,,1544,132,2,2,https://api.chucknorris.io/jokes/random,220,0,109
1733045807779,212,GET joke,200,,api.chucknorris 1-1,text,true,,1436,132,2,2,https://api.chucknorris.io/jokes/random,212,0,108
1733045807920,206,GET joke,200,,api.chucknorris 1-2,text,true,,1470,132,2,2,https://api.chucknorris.io/jokes/random,205,0,107
1733045807993,218,GET joke,200,,api.chucknorris 1-1,text,true,,1427,132,2,2,https://api.chucknorris.io/jokes/random,217,0,111
1733045808129,215,GET joke,200,,api.chucknorris 1-2,text,true,,1432,132,2,2,https://api.chucknorris.io/jokes/random,215,0,106
1733045808212,228,GET joke,200,,api.chucknorris 1-1,text,true,,1408,132,2,2,https://api.chucknorris.io/jokes/random,227,0,111
1733045808345,212,GET joke,200,,api.chucknorris 1-2,text,true,,1460,132,2,2,https://api.chucknorris.io/jokes/random,212,0,108
1733045808441,206,GET joke,200,,api.chucknorris 1-1,text,true,,1420,132,2,2,https://api.chucknorris.io/jokes/random,205,0,109
1733045808559,208,GET joke,200,,api.chucknorris 1-2,text,true,,1431,132,2,2,https://api.chucknorris.io/jokes/random,208,0,109
1733045808648,234,GET joke,200,,api.chucknorris 1-1,text,true,,1428,132,2,2,https://api.chucknorris.io/jokes/random,234,0,112
1733045808768,215,GET joke,200,,api.chucknorris 1-2,text,true,,1470,132,2,2,https://api.chucknorris.io/jokes/random,215,0,109
1733045808884,209,GET joke,200,,api.chucknorris 1-1,text,true,,1406,132,2,2,https://api.chucknorris.io/jokes/random,208,0,110
1733045808984,208,GET joke,200,,api.chucknorris 1-2,text,true,,1444,132,2,2,https://api.chucknorris.io/jokes/random,208,0,109
1733045809094,203,GET joke,200,,api.chucknorris 1-1,text,true,,1461,132,2,2,https://api.chucknorris.io/jokes/random,203,0,106
1733045809299,203,GET joke,200,,api.chucknorris 1-1,text,true,,1440,132,2,2,https://api.chucknorris.io/jokes/random,203,0,105
1733045809194,327,GET joke,200,,api.chucknorris 1-2,text,true,,1410,132,2,2,https://api.chucknorris.io/jokes/random,326,0,106
1733045809504,207,GET joke,200,,api.chucknorris 1-1,text,true,,1435,132,2,2,https://api.chucknorris.io/jokes/random,207,0,109
1733045809525,219,GET joke,200,,api.chucknorris 1-2,text,true,,1399,132,2,2,https://api.chucknorris.io/jokes/random,219,0,109
1733045809713,212,GET joke,200,,api.chucknorris 1-1,text,true,,1395,132,3,3,https://api.chucknorris.io/jokes/random,211,0,107
1733045809765,210,GET joke,200,,api.chucknorris 1-3,text,true,,1647,132,3,3,https://api.chucknorris.io/jokes/random,210,0,110
1733045809746,323,GET joke,200,,api.chucknorris 1-2,text,true,,1413,132,3,3,https://api.chucknorris.io/jokes/random,323,0,105
1733045809976,220,GET joke,200,,api.chucknorris 1-3,text,true,,1504,132,3,3,https://api.chucknorris.io/jokes/random,220,0,114
1733045809926,326,GET joke,200,,api.chucknorris 1-1,text,true,,1459,132,3,3,https://api.chucknorris.io/jokes/random,325,0,102
1733045810070,218,GET joke,200,,api.chucknorris 1-2,text,true,,1449,132,3,3,https://api.chucknorris.io/jokes/random,217,0,108
1733045810197,202,GET joke,200,,api.chucknorris 1-3,text,true,,1388,132,3,3,https://api.chucknorris.io/jokes/random,202,0,103
1733045810254,213,GET joke,200,,api.chucknorris 1-1,text,true,,1468,132,3,3,https://api.chucknorris.io/jokes/random,212,0,109
1733045810290,203,GET joke,200,,api.chucknorris 1-2,text,true,,1461,132,3,3,https://api.chucknorris.io/jokes/random,203,0,106
1733045810400,205,GET joke,200,,api.chucknorris 1-3,text,true,,1423,132,3,3,https://api.chucknorris.io/jokes/random,205,0,104
1733045810468,212,GET joke,200,,api.chucknorris 1-1,text,true,,1393,132,3,3,https://api.chucknorris.io/jokes/random,212,0,108
1733045810495,212,GET joke,200,,api.chucknorris 1-2,text,true,,1515,132,3,3,https://api.chucknorris.io/jokes/random,211,0,110
1733045810606,232,GET joke,200,,api.chucknorris 1-3,text,true,,1478,132,3,3,https://api.chucknorris.io/jokes/random,232,0,122
1733045810681,204,GET joke,200,,api.chucknorris 1-1,text,true,,1462,132,3,3,https://api.chucknorris.io/jokes/random,204,0,105
1733045810708,222,GET joke,200,,api.chucknorris 1-2,text,true,,1424,132,3,3,https://api.chucknorris.io/jokes/random,221,0,106
1733045810839,217,GET joke,200,,api.chucknorris 1-3,text,true,,1516,132,3,3,https://api.chucknorris.io/jokes/random,216,0,107
1733045810887,220,GET joke,200,,api.chucknorris 1-1,text,true,,1397,132,3,3,https://api.chucknorris.io/jokes/random,219,0,106
1733045810931,219,GET joke,200,,api.chucknorris 1-2,text,true,,1481,132,3,3,https://api.chucknorris.io/jokes/random,219,0,107
1733045811057,205,GET joke,200,,api.chucknorris 1-3,text,true,,1472,132,3,3,https://api.chucknorris.io/jokes/random,205,0,107
1733045811108,213,GET joke,200,,api.chucknorris 1-1,text,true,,1431,132,3,3,https://api.chucknorris.io/jokes/random,212,0,106
1733045811151,211,GET joke,200,,api.chucknorris 1-2,text,true,,1463,132,3,3,https://api.chucknorris.io/jokes/random,211,0,106
1733045811263,198,GET joke,200,,api.chucknorris 1-3,text,true,,1422,132,3,3,https://api.chucknorris.io/jokes/random,198,0,101
1733045811323,211,GET joke,200,,api.chucknorris 1-1,text,true,,1403,132,3,3,https://api.chucknorris.io/jokes/random,210,0,105
1733045811363,216,GET joke,200,,api.chucknorris 1-2,text,true,,1447,132,3,3,https://api.chucknorris.io/jokes/random,215,0,109
1733045811462,211,GET joke,200,,api.chucknorris 1-3,text,true,,1437,132,3,3,https://api.chucknorris.io/jokes/random,211,0,101
1733045811535,206,GET joke,200,,api.chucknorris 1-1,text,true,,1416,132,3,3,https://api.chucknorris.io/jokes/random,206,0,103
1733045811579,206,GET joke,200,,api.chucknorris 1-2,text,true,,1447,132,3,3,https://api.chucknorris.io/jokes/random,205,0,104
1733045811674,220,GET joke,200,,api.chucknorris 1-3,text,true,,1454,132,3,3,https://api.chucknorris.io/jokes/random,220,0,102
1733045811742,203,GET joke,200,,api.chucknorris 1-1,text,true,,1496,132,3,3,https://api.chucknorris.io/jokes/random,202,0,107
1733045811787,245,GET joke,200,,api.chucknorris 1-2,text,true,,1422,132,3,3,https://api.chucknorris.io/jokes/random,245,0,149
1733045811895,220,GET joke,200,,api.chucknorris 1-3,text,true,,1407,132,3,3,https://api.chucknorris.io/jokes/random,220,0,111
1733045811946,209,GET joke,200,,api.chucknorris 1-1,text,true,,1410,132,3,3,https://api.chucknorris.io/jokes/random,209,0,109
1733045812033,212,GET joke,200,,api.chucknorris 1-2,text,true,,1458,132,3,3,https://api.chucknorris.io/jokes/random,212,0,106
1733045812117,239,GET joke,200,,api.chucknorris 1-3,text,true,,1488,132,3,3,https://api.chucknorris.io/jokes/random,239,0,107
1733045812158,210,GET joke,200,,api.chucknorris 1-1,text,true,,1517,132,3,3,https://api.chucknorris.io/jokes/random,210,0,106
1733045812246,205,GET joke,200,,api.chucknorris 1-2,text,true,,1470,132,3,3,https://api.chucknorris.io/jokes/random,204,0,108
1733045812358,205,GET joke,200,,api.chucknorris 1-3,text,true,,1478,132,3,3,https://api.chucknorris.io/jokes/random,205,0,107
1733045812369,230,GET joke,200,,api.chucknorris 1-1,text,true,,1493,132,3,3,https://api.chucknorris.io/jokes/random,230,0,107
1733045812452,212,GET joke,200,,api.chucknorris 1-2,text,true,,1411,132,3,3,https://api.chucknorris.io/jokes/random,211,0,107
1733045812564,198,GET joke,200,,api.chucknorris 1-3,text,true,,1409,132,3,3,https://api.chucknorris.io/jokes/random,198,0,104
1733045812600,202,GET joke,200,,api.chucknorris 1-1,text,true,,1564,132,3,3,https://api.chucknorris.io/jokes/random,201,0,103
1733045812665,209,GET joke,200,,api.chucknorris 1-2,text,true,,1406,132,3,3,https://api.chucknorris.io/jokes/random,209,0,107
1733045812764,217,GET joke,200,,api.chucknorris 1-3,text,true,,1480,132,3,3,https://api.chucknorris.io/jokes/random,216,0,109
1733045812803,206,GET joke,200,,api.chucknorris 1-1,text,true,,1448,132,3,3,https://api.chucknorris.io/jokes/random,206,0,110
1733045812876,203,GET joke,200,,api.chucknorris 1-2,text,true,,1421,132,3,3,https://api.chucknorris.io/jokes/random,202,0,108
1733045812983,205,GET joke,200,,api.chucknorris 1-3,text,true,,1445,132,3,3,https://api.chucknorris.io/jokes/random,204,0,105
1733045813011,212,GET joke,200,,api.chucknorris 1-1,text,true,,1555,132,3,3,https://api.chucknorris.io/jokes/random,212,0,106
1733045813080,216,GET joke,200,,api.chucknorris 1-2,text,true,,1432,132,3,3,https://api.chucknorris.io/jokes/random,216,0,118
1733045813189,224,GET joke,200,,api.chucknorris 1-3,text,true,,1391,132,3,3,https://api.chucknorris.io/jokes/random,224,0,107
1733045813225,203,GET joke,200,,api.chucknorris 1-1,text,true,,1434,132,3,3,https://api.chucknorris.io/jokes/random,202,0,106
1733045813298,213,GET joke,200,,api.chucknorris 1-2,text,true,,1418,132,3,3,https://api.chucknorris.io/jokes/random,213,0,104
1733045813414,210,GET joke,200,,api.chucknorris 1-3,text,true,,1449,132,3,3,https://api.chucknorris.io/jokes/random,210,0,111
1733045813428,214,GET joke,200,,api.chucknorris 1-1,text,true,,1578,132,3,3,https://api.chucknorris.io/jokes/random,214,0,108
1733045813512,210,GET joke,200,,api.chucknorris 1-2,text,true,,1494,132,3,3,https://api.chucknorris.io/jokes/random,210,0,108
1733045813625,210,GET joke,200,,api.chucknorris 1-3,text,true,,1519,132,3,3,https://api.chucknorris.io/jokes/random,210,0,109
1733045813644,205,GET joke,200,,api.chucknorris 1-1,text,true,,1395,132,3,3,https://api.chucknorris.io/jokes/random,205,0,105
1733045813723,201,GET joke,200,,api.chucknorris 1-2,text,true,,1415,132,3,3,https://api.chucknorris.io/jokes/random,201,0,104
1733045813836,207,GET joke,200,,api.chucknorris 1-3,text,true,,1390,132,3,3,https://api.chucknorris.io/jokes/random,206,0,106
1733045813851,213,GET joke,200,,api.chucknorris 1-1,text,true,,1563,132,3,3,https://api.chucknorris.io/jokes/random,213,0,104
1733045813927,209,GET joke,200,,api.chucknorris 1-2,text,true,,1423,132,3,3,https://api.chucknorris.io/jokes/random,209,0,105
1733045814044,211,GET joke,200,,api.chucknorris 1-3,text,true,,1559,132,3,3,https://api.chucknorris.io/jokes/random,211,0,109
1733045814137,204,GET joke,200,,api.chucknorris 1-2,text,true,,1383,132,3,3,https://api.chucknorris.io/jokes/random,204,0,105
1733045814065,308,GET joke,200,,api.chucknorris 1-1,text,true,,1407,132,3,3,https://api.chucknorris.io/jokes/random,308,0,102
1733045814256,214,GET joke,200,,api.chucknorris 1-3,text,true,,1463,132,3,3,https://api.chucknorris.io/jokes/random,214,0,111
1733045814342,212,GET joke,200,,api.chucknorris 1-2,text,true,,1443,132,3,3,https://api.chucknorris.io/jokes/random,212,0,109
1733045814375,202,GET joke,200,,api.chucknorris 1-1,text,true,,1405,132,3,3,https://api.chucknorris.io/jokes/random,202,0,105
1733045814472,208,GET joke,200,,api.chucknorris 1-3,text,true,,1413,132,3,3,https://api.chucknorris.io/jokes/random,208,0,108
1733045814556,206,GET joke,200,,api.chucknorris 1-2,text,true,,1436,132,3,3,https://api.chucknorris.io/jokes/random,205,0,108
1733045814578,213,GET joke,200,,api.chucknorris 1-1,text,true,,1414,132,3,3,https://api.chucknorris.io/jokes/random,213,0,108
1733045814681,211,GET joke,200,,api.chucknorris 1-3,text,true,,1411,132,3,3,https://api.chucknorris.io/jokes/random,210,0,107
1733045814763,203,GET joke,200,,api.chucknorris 1-2,text,true,,1425,132,3,3,https://api.chucknorris.io/jokes/random,203,0,104
1733045814793,205,GET joke,200,,api.chucknorris 1-1,text,true,,1430,132,3,3,https://api.chucknorris.io/jokes/random,204,0,106
1733045814895,232,GET joke,200,,api.chucknorris 1-3,text,true,,1513,132,3,3,https://api.chucknorris.io/jokes/random,232,0,112
1733045814968,224,GET joke,200,,api.chucknorris 1-2,text,true,,1467,132,3,3,https://api.chucknorris.io/jokes/random,224,0,109
1733045815000,237,GET joke,200,,api.chucknorris 1-1,text,true,,1469,132,3,3,https://api.chucknorris.io/jokes/random,237,0,109
1733045815128,202,GET joke,200,,api.chucknorris 1-3,text,true,,1491,132,3,3,https://api.chucknorris.io/jokes/random,202,0,104
1733045815194,210,GET joke,200,,api.chucknorris 1-2,text,true,,1395,132,3,3,https://api.chucknorris.io/jokes/random,210,0,108
1733045815238,202,GET joke,200,,api.chucknorris 1-1,text,true,,1478,132,3,3,https://api.chucknorris.io/jokes/random,202,0,103
1733045815331,269,GET joke,200,,api.chucknorris 1-3,text,true,,1454,132,3,3,https://api.chucknorris.io/jokes/random,269,0,115
1733045815405,206,GET joke,200,,api.chucknorris 1-2,text,true,,1391,132,3,3,https://api.chucknorris.io/jokes/random,206,0,106
1733045815442,205,GET joke,200,,api.chucknorris 1-1,text,true,,1413,132,3,3,https://api.chucknorris.io/jokes/random,204,0,108
1733045815612,208,GET joke,200,,api.chucknorris 1-2,text,true,,1400,132,3,3,https://api.chucknorris.io/jokes/random,208,0,107
1733045815601,221,GET joke,200,,api.chucknorris 1-3,text,true,,1518,132,3,3,https://api.chucknorris.io/jokes/random,220,0,118
1733045815648,213,GET joke,200,,api.chucknorris 1-1,text,true,,1448,132,3,3,https://api.chucknorris.io/jokes/random,213,0,108
1733045815822,208,GET joke,200,,api.chucknorris 1-2,text,true,,1679,132,3,3,https://api.chucknorris.io/jokes/random,208,0,106
1733045815823,209,GET joke,200,,api.chucknorris 1-3,text,true,,1407,132,3,3,https://api.chucknorris.io/jokes/random,208,0,105
1733045815863,198,GET joke,200,,api.chucknorris 1-1,text,true,,1474,132,3,3,https://api.chucknorris.io/jokes/random,198,0,104
1733045816033,205,GET joke,200,,api.chucknorris 1-3,text,true,,1393,132,3,3,https://api.chucknorris.io/jokes/random,205,0,106
1733045816031,207,GET joke,200,,api.chucknorris 1-2,text,true,,1414,132,3,3,https://api.chucknorris.io/jokes/random,207,0,108
1733045816062,201,GET joke,200,,api.chucknorris 1-1,text,true,,1499,132,3,3,https://api.chucknorris.io/jokes/random,201,0,104
1733045816239,214,GET joke,200,,api.chucknorris 1-2,text,true,,1481,132,3,3,https://api.chucknorris.io/jokes/random,214,0,113
1733045816239,216,GET joke,200,,api.chucknorris 1-3,text,true,,1479,132,3,3,https://api.chucknorris.io/jokes/random,216,0,114
1733045816264,195,GET joke,200,,api.chucknorris 1-1,text,true,,1535,132,3,3,https://api.chucknorris.io/jokes/random,195,0,100
1733045816455,206,GET joke,200,,api.chucknorris 1-2,text,true,,1587,132,3,3,https://api.chucknorris.io/jokes/random,205,0,110
1733045816457,213,GET joke,200,,api.chucknorris 1-3,text,true,,1478,132,3,3,https://api.chucknorris.io/jokes/random,213,0,110
1733045816460,217,GET joke,200,,api.chucknorris 1-1,text,true,,1404,132,3,3,https://api.chucknorris.io/jokes/random,216,0,110
1733045816662,212,GET joke,200,,api.chucknorris 1-2,text,true,,1806,132,3,3,https://api.chucknorris.io/jokes/random,212,0,108
1733045816678,201,GET joke,200,,api.chucknorris 1-1,text,true,,1439,132,3,3,https://api.chucknorris.io/jokes/random,201,0,102
1733045816671,238,GET joke,200,,api.chucknorris 1-3,text,true,,1386,132,3,3,https://api.chucknorris.io/jokes/random,238,0,111
1733045816876,203,GET joke,200,,api.chucknorris 1-2,text,true,,1432,132,3,3,https://api.chucknorris.io/jokes/random,202,0,106
1733045816910,208,GET joke,200,,api.chucknorris 1-3,text,true,,1479,132,3,3,https://api.chucknorris.io/jokes/random,208,0,107
1733045816881,247,GET joke,200,,api.chucknorris 1-1,text,true,,1480,132,3,3,https://api.chucknorris.io/jokes/random,247,0,142
1733045817080,204,GET joke,200,,api.chucknorris 1-2,text,true,,1462,132,3,3,https://api.chucknorris.io/jokes/random,204,0,108
1733045817129,208,GET joke,200,,api.chucknorris 1-1,text,true,,1414,132,3,3,https://api.chucknorris.io/jokes/random,208,0,108
1733045817120,232,GET joke,200,,api.chucknorris 1-3,text,true,,1420,132,3,3,https://api.chucknorris.io/jokes/random,232,0,134
1733045817285,207,GET joke,200,,api.chucknorris 1-2,text,true,,1443,132,3,3,https://api.chucknorris.io/jokes/random,207,0,106
1733045817338,202,GET joke,200,,api.chucknorris 1-1,text,true,,1432,132,3,3,https://api.chucknorris.io/jokes/random,202,0,102
1733045817353,204,GET joke,200,,api.chucknorris 1-3,text,true,,1493,132,3,3,https://api.chucknorris.io/jokes/random,203,0,104
1733045817493,202,GET joke,200,,api.chucknorris 1-2,text,true,,1495,132,3,3,https://api.chucknorris.io/jokes/random,202,0,103
1733045817541,211,GET joke,200,,api.chucknorris 1-1,text,true,,1528,132,3,3,https://api.chucknorris.io/jokes/random,211,0,108
1733045817559,210,GET joke,200,,api.chucknorris 1-3,text,true,,1449,132,3,3,https://api.chucknorris.io/jokes/random,210,0,106
1733045817697,210,GET joke,200,,api.chucknorris 1-2,text,true,,1437,132,3,3,https://api.chucknorris.io/jokes/random,210,0,107
1733045817754,215,GET joke,200,,api.chucknorris 1-1,text,true,,1440,132,3,3,https://api.chucknorris.io/jokes/random,214,0,110
1733045817770,199,GET joke,200,,api.chucknorris 1-3,text,true,,1483,132,3,3,https://api.chucknorris.io/jokes/random,199,0,103
1733045817909,204,GET joke,200,,api.chucknorris 1-2,text,true,,1403,132,3,3,https://api.chucknorris.io/jokes/random,204,0,106
1733045817969,196,GET joke,200,,api.chucknorris 1-1,text,true,,1468,132,3,3,https://api.chucknorris.io/jokes/random,196,0,102
1733045817970,311,GET joke,200,,api.chucknorris 1-3,text,true,,1500,132,3,3,https://api.chucknorris.io/jokes/random,310,0,100
1733045818114,205,GET joke,200,,api.chucknorris 1-2,text,true,,1420,132,3,3,https://api.chucknorris.io/jokes/random,205,0,107
1733045818166,204,GET joke,200,,api.chucknorris 1-1,text,true,,1427,132,3,3,https://api.chucknorris.io/jokes/random,204,0,105
1733045818282,205,GET joke,200,,api.chucknorris 1-3,text,true,,1413,132,3,3,https://api.chucknorris.io/jokes/random,205,0,106
1733045818321,212,GET joke,200,,api.chucknorris 1-2,text,true,,1421,132,3,3,https://api.chucknorris.io/jokes/random,212,0,109
1733045818372,198,GET joke,200,,api.chucknorris 1-1,text,true,,1422,132,3,3,https://api.chucknorris.io/jokes/random,198,0,104
1733045818488,207,GET joke,200,,api.chucknorris 1-3,text,true,,1405,132,3,3,https://api.chucknorris.io/jokes/random,207,0,106
1733045818534,205,GET joke,200,,api.chucknorris 1-2,text,true,,1470,132,3,3,https://api.chucknorris.io/jokes/random,205,0,105
1733045818571,205,GET joke,200,,api.chucknorris 1-1,text,true,,1496,132,3,3,https://api.chucknorris.io/jokes/random,205,0,106
1733045818742,204,GET joke,200,,api.chucknorris 1-2,text,true,,1406,132,3,3,https://api.chucknorris.io/jokes/random,203,0,107
1733045818696,261,GET joke,200,,api.chucknorris 1-3,text,true,,1404,132,3,3,https://api.chucknorris.io/jokes/random,261,0,117
1733045818778,217,GET joke,200,,api.chucknorris 1-1,text,true,,1422,132,3,3,https://api.chucknorris.io/jokes/random,217,0,109
1733045818959,206,GET joke,200,,api.chucknorris 1-3,text,true,,1417,132,3,3,https://api.chucknorris.io/jokes/random,206,0,108
1733045818948,241,GET joke,200,,api.chucknorris 1-2,text,true,,1493,132,3,3,https://api.chucknorris.io/jokes/random,241,0,119
1733045818997,204,GET joke,200,,api.chucknorris 1-1,text,true,,1400,132,3,3,https://api.chucknorris.io/jokes/random,204,0,102
1733045819166,203,GET joke,200,,api.chucknorris 1-3,text,true,,1441,132,3,3,https://api.chucknorris.io/jokes/random,203,0,102
1733045819202,319,GET joke,200,,api.chucknorris 1-1,text,true,,1469,132,3,3,https://api.chucknorris.io/jokes/random,318,0,173
1733045819191,329,GET joke,200,,api.chucknorris 1-2,text,true,,1411,132,3,3,https://api.chucknorris.io/jokes/random,329,0,181
1733045819371,213,GET joke,200,,api.chucknorris 1-3,text,true,,1421,132,3,3,https://api.chucknorris.io/jokes/random,213,0,104
1733045819523,206,GET joke,200,,api.chucknorris 1-2,text,true,,1420,132,3,3,https://api.chucknorris.io/jokes/random,206,0,105
1733045819523,215,GET joke,200,,api.chucknorris 1-1,text,true,,1426,132,3,3,https://api.chucknorris.io/jokes/random,215,0,108
1733045819585,209,GET joke,200,,api.chucknorris 1-3,text,true,,1401,132,3,3,https://api.chucknorris.io/jokes/random,209,0,105
1733045819730,203,GET joke,200,,api.chucknorris 1-2,text,true,,1486,132,3,3,https://api.chucknorris.io/jokes/random,203,0,103
1733045819740,207,GET joke,200,,api.chucknorris 1-1,text,true,,1401,132,3,3,https://api.chucknorris.io/jokes/random,207,0,109
1733045819795,208,GET joke,200,,api.chucknorris 1-3,text,true,,1389,132,2,2,https://api.chucknorris.io/jokes/random,208,0,105
1733045819934,205,GET joke,200,,api.chucknorris 1-2,text,true,,1442,132,2,2,https://api.chucknorris.io/jokes/random,205,0,104
1733045820007,292,GET joke,200,,api.chucknorris 1-3,text,true,,1407,132,2,2,https://api.chucknorris.io/jokes/random,292,0,155
1733045820141,207,GET joke,200,,api.chucknorris 1-2,text,true,,1440,132,2,2,https://api.chucknorris.io/jokes/random,207,0,108
1733045820300,201,GET joke,200,,api.chucknorris 1-3,text,true,,1487,132,2,2,https://api.chucknorris.io/jokes/random,201,0,105
1733045820350,215,GET joke,200,,api.chucknorris 1-2,text,true,,1426,132,2,2,https://api.chucknorris.io/jokes/random,215,0,110
1733045820503,217,GET joke,200,,api.chucknorris 1-3,text,true,,1441,132,2,2,https://api.chucknorris.io/jokes/random,217,0,109
1733045820567,223,GET joke,200,,api.chucknorris 1-2,text,true,,1480,132,2,2,https://api.chucknorris.io/jokes/random,223,0,112
1733045820722,206,GET joke,200,,api.chucknorris 1-3,text,true,,1388,132,1,1,https://api.chucknorris.io/jokes/random,205,0,107
1733045820929,212,GET joke,200,,api.chucknorris 1-3,text,true,,1415,132,1,1,https://api.chucknorris.io/jokes/random,212,0,105
1733045821142,202,GET joke,200,,api.chucknorris 1-3,text,true,,1406,132,1,1,https://api.chucknorris.io/jokes/random,202,0,106
1733045821345,218,GET joke,200,,api.chucknorris 1-3,text,true,,1405,132,1,1,https://api.chucknorris.io/jokes/random,218,0,109
1733045821564,213,GET joke,200,,api.chucknorris 1-3,text,true,,1477,132,1,1,https://api.chucknorris.io/jokes/random,213,0,112
